record_id,area_id,area_name,area_type,area_km2,longitude,latitude,taxon_name,gbif_taxon_key,time_start,time_end,metric,method,value,unit,se,ci_low,ci_high,ci_level,effort_value,effort_unit,protocol,read_from_figure,page,table_or_figure,notes
wildebeest_park_1948_01_density,nairobi_np,Nairobi National Park,park,117,36.9,-1.3833,Connochaetes taurinus,2441105,1948-01-01,1948-01-31,density,compiled,15.5,individuals_per_km2,,,,,,,,false,22,text,"Game Department count of 1948, cited from ref. 55 p. 253; field method not given"
wildebeest_park_1948_01_total,nairobi_np,Nairobi National Park,park,117,36.9,-1.3833,Connochaetes taurinus,2441105,1948-01-01,1948-01-31,population_estimate,compiled,1814,individuals,,,,,,,,false,22,text,"Game Department count of 1948, cited from ref. 55 p. 253; field method not given"
wildebeest_park_1948_09_density,nairobi_np,Nairobi National Park,park,117,36.9,-1.3833,Connochaetes taurinus,2441105,1948-09-01,1948-09-30,density,compiled,111.4,individuals_per_km2,,,,,,,,false,22,text,"Game Department count of 1948 during the migration, cited from ref. 55 p. 253"
wildebeest_park_1948_09_total,nairobi_np,Nairobi National Park,park,117,36.9,-1.3833,Connochaetes taurinus,2441105,1948-09-01,1948-09-30,population_estimate,compiled,13034,individuals,,,,,,,,false,22,text,"Game Department count of 1948 during the migration, cited from ref. 55 p. 253"
wildebeest_plains_1948_01_density,athi_kaputiei_plains,Athi-Kaputiei Plains,ecosystem,2200,,,Connochaetes taurinus,2441105,1948-01-01,1948-01-31,density,compiled,44.0,individuals_per_km2,,,,,,,,false,22,text,"Game Department count of 1948, cited from ref. 55 p. 253; the paper gives no coordinates of the plains"
wildebeest_plains_1948_01_total,athi_kaputiei_plains,Athi-Kaputiei Plains,ecosystem,2200,,,Connochaetes taurinus,2441105,1948-01-01,1948-01-31,population_estimate,compiled,96800,individuals,,,,,,,,false,22,text,"Game Department count of 1948, cited from ref. 55 p. 253"
wildebeest_plains_1948_09_density,athi_kaputiei_plains,Athi-Kaputiei Plains,ecosystem,2200,,,Connochaetes taurinus,2441105,1948-09-01,1948-09-30,density,compiled,5.2,individuals_per_km2,,,,,,,,false,22,text,"Game Department count of 1948, cited from ref. 55 p. 253"
wildebeest_plains_1948_09_total,athi_kaputiei_plains,Athi-Kaputiei Plains,ecosystem,2200,,,Connochaetes taurinus,2441105,1948-09-01,1948-09-30,population_estimate,compiled,11440,individuals,,,,,,,,false,22,text,"Game Department count of 1948, cited from ref. 55 p. 253"
zebra_park_1948_01_density,nairobi_np,Nairobi National Park,park,117,36.9,-1.3833,Equus quagga,2440892,1948-01-01,1948-01-31,density,compiled,10.4,individuals_per_km2,,,,,,,,false,23,text,"Game Department count of 1948, cited from ref. 37 p. 261; the paper names the zebra Equus burchelli"
zebra_park_1948_09_density,nairobi_np,Nairobi National Park,park,117,36.9,-1.3833,Equus quagga,2440892,1948-09-01,1948-09-30,density,compiled,235.6,individuals_per_km2,,,,,,,,false,23,text,"Game Department count of 1948 during the migration, cited from ref. 37 p. 261"
zebra_plains_1948_01_density,athi_kaputiei_plains,Athi-Kaputiei Plains,ecosystem,2200,,,Equus quagga,2440892,1948-01-01,1948-01-31,density,compiled,32.4,individuals_per_km2,,,,,,,,false,23,text,"Game Department count of 1948, cited from ref. 37 p. 261"
zebra_plains_1948_09_density,athi_kaputiei_plains,Athi-Kaputiei Plains,ecosystem,2200,,,Equus quagga,2440892,1948-09-01,1948-09-30,density,compiled,0.65,individuals_per_km2,,,,,,,,false,23,text,"Game Department count of 1948, cited from ref. 37 p. 261"
